,experiment,cloud,env,env_type,nodes,application,problem_size,metric,value,gpu_count
0,google/gke/cpu,google,gke,cpu,64,bdas,princomp,duration,19.25354504585266,0
1,google/gke/cpu,google,gke,cpu,64,bdas,princomp,minimum,0.205000,0
2,google/gke/cpu,google,gke,cpu,64,bdas,princomp,mean,0.480693,0
3,google/gke/cpu,google,gke,cpu,64,bdas,princomp,maximum,0.552000,0
4,google/gke/cpu,google,gke,cpu,64,bdas,princomp,duration,18.32892417907715,0
5,google/gke/cpu,google,gke,cpu,64,bdas,princomp,minimum,0.2040000,0
6,google/gke/cpu,google,gke,cpu,64,bdas,princomp,mean,0.3885694,0
7,google/gke/cpu,google,gke,cpu,64,bdas,princomp,maximum,0.4410000,0
8,google/gke/cpu,google,gke,cpu,64,bdas,princomp,duration,18.35989785194397,0
9,google/gke/cpu,google,gke,cpu,64,bdas,princomp,minimum,0.2080000,0
10,google/gke/cpu,google,gke,cpu,64,bdas,princomp,mean,0.3975946,0
11,google/gke/cpu,google,gke,cpu,64,bdas,princomp,maximum,0.4380000,0
12,google/gke/cpu,google,gke,cpu,64,bdas,princomp,duration,18.33730697631836,0
13,google/gke/cpu,google,gke,cpu,64,bdas,princomp,minimum,0.2070000,0
14,google/gke/cpu,google,gke,cpu,64,bdas,princomp,mean,0.4141003,0
15,google/gke/cpu,google,gke,cpu,64,bdas,princomp,maximum,0.4870000,0
16,google/gke/cpu,google,gke,cpu,64,bdas,princomp,duration,18.382724046707153,0
17,google/gke/cpu,google,gke,cpu,64,bdas,princomp,minimum,0.2110000,0
18,google/gke/cpu,google,gke,cpu,64,bdas,princomp,mean,0.4299668,0
19,google/gke/cpu,google,gke,cpu,64,bdas,princomp,maximum,0.5460000,0
20,google/gke/cpu,google,gke,cpu,64,bdas,svm,duration,19.10584044456482,0
21,google/gke/cpu,google,gke,cpu,64,bdas,svm,minimum,1.658000,0
22,google/gke/cpu,google,gke,cpu,64,bdas,svm,mean,1.671081,0
23,google/gke/cpu,google,gke,cpu,64,bdas,svm,maximum,1.676000,0
24,google/gke/cpu,google,gke,cpu,64,bdas,svm,duration,17.37917923927307,0
25,google/gke/cpu,google,gke,cpu,64,bdas,svm,minimum,0.688000,0
26,google/gke/cpu,google,gke,cpu,64,bdas,svm,mean,0.708813,0
27,google/gke/cpu,google,gke,cpu,64,bdas,svm,maximum,0.713000,0
28,google/gke/cpu,google,gke,cpu,64,bdas,svm,duration,17.636946201324463,0
29,google/gke/cpu,google,gke,cpu,64,bdas,svm,minimum,0.587000,0
30,google/gke/cpu,google,gke,cpu,64,bdas,svm,mean,0.600764,0
31,google/gke/cpu,google,gke,cpu,64,bdas,svm,maximum,0.604000,0
32,google/gke/cpu,google,gke,cpu,64,bdas,svm,duration,17.8296902179718,0
33,google/gke/cpu,google,gke,cpu,64,bdas,svm,minimum,1.072000,0
34,google/gke/cpu,google,gke,cpu,64,bdas,svm,mean,1.100685,0
35,google/gke/cpu,google,gke,cpu,64,bdas,svm,maximum,1.104000,0
36,google/gke/cpu,google,gke,cpu,64,bdas,svm,duration,17.184213638305664,0
37,google/gke/cpu,google,gke,cpu,64,bdas,svm,minimum,0.5070000,0
38,google/gke/cpu,google,gke,cpu,64,bdas,svm,mean,0.5288881,0
39,google/gke/cpu,google,gke,cpu,64,bdas,svm,maximum,0.5320000,0
40,google/gke/cpu,google,gke,cpu,64,bdas,kmeans,duration,25.312862157821655,0
41,google/gke/cpu,google,gke,cpu,64,bdas,kmeans,minimum,5.690000,0
42,google/gke/cpu,google,gke,cpu,64,bdas,kmeans,mean,6.453262,0
43,google/gke/cpu,google,gke,cpu,64,bdas,kmeans,maximum,6.506000,0
44,google/gke/cpu,google,gke,cpu,64,bdas,kmeans,duration,20.502023696899414,0
45,google/gke/cpu,google,gke,cpu,64,bdas,kmeans,minimum,2.249000,0
46,google/gke/cpu,google,gke,cpu,64,bdas,kmeans,mean,2.601533,0
47,google/gke/cpu,google,gke,cpu,64,bdas,kmeans,maximum,2.680000,0
48,google/gke/cpu,google,gke,cpu,64,bdas,kmeans,duration,20.700941562652588,0
49,google/gke/cpu,google,gke,cpu,64,bdas,kmeans,minimum,2.53900,0
50,google/gke/cpu,google,gke,cpu,64,bdas,kmeans,mean,2.91951,0
51,google/gke/cpu,google,gke,cpu,64,bdas,kmeans,maximum,3.00900,0
52,google/gke/cpu,google,gke,cpu,64,bdas,kmeans,duration,21.287900924682617,0
53,google/gke/cpu,google,gke,cpu,64,bdas,kmeans,minimum,2.473000,0
54,google/gke/cpu,google,gke,cpu,64,bdas,kmeans,mean,2.886536,0
55,google/gke/cpu,google,gke,cpu,64,bdas,kmeans,maximum,2.920000,0
56,google/gke/cpu,google,gke,cpu,64,bdas,kmeans,duration,20.850607872009277,0
57,google/gke/cpu,google,gke,cpu,64,bdas,kmeans,minimum,2.612000,0
58,google/gke/cpu,google,gke,cpu,64,bdas,kmeans,mean,3.053761,0
59,google/gke/cpu,google,gke,cpu,64,bdas,kmeans,maximum,3.091000,0
60,google/gke/cpu,google,gke,cpu,16,bdas,princomp,duration,4.4727935791015625,0
61,google/gke/cpu,google,gke,cpu,16,bdas,princomp,minimum,0.0610000,0
62,google/gke/cpu,google,gke,cpu,16,bdas,princomp,mean,0.1407983,0
63,google/gke/cpu,google,gke,cpu,16,bdas,princomp,maximum,0.1460000,0
64,google/gke/cpu,google,gke,cpu,16,bdas,princomp,duration,5.089189291000366,0
65,google/gke/cpu,google,gke,cpu,16,bdas,princomp,minimum,0.2940000,0
66,google/gke/cpu,google,gke,cpu,16,bdas,princomp,mean,0.3987713,0
67,google/gke/cpu,google,gke,cpu,16,bdas,princomp,maximum,0.4510000,0
68,google/gke/cpu,google,gke,cpu,16,bdas,princomp,duration,4.376574516296387,0
69,google/gke/cpu,google,gke,cpu,16,bdas,princomp,minimum,0.05800000,0
70,google/gke/cpu,google,gke,cpu,16,bdas,princomp,mean,0.08441264,0
71,google/gke/cpu,google,gke,cpu,16,bdas,princomp,maximum,0.09400000,0
72,google/gke/cpu,google,gke,cpu,16,bdas,princomp,duration,4.427444696426392,0
73,google/gke/cpu,google,gke,cpu,16,bdas,princomp,minimum,0.0670000,0
74,google/gke/cpu,google,gke,cpu,16,bdas,princomp,mean,0.1162067,0
75,google/gke/cpu,google,gke,cpu,16,bdas,princomp,maximum,0.1260000,0
76,google/gke/cpu,google,gke,cpu,16,bdas,princomp,duration,4.410487174987793,0
77,google/gke/cpu,google,gke,cpu,16,bdas,princomp,minimum,0.05900000,0
78,google/gke/cpu,google,gke,cpu,16,bdas,princomp,mean,0.08967827,0
79,google/gke/cpu,google,gke,cpu,16,bdas,princomp,maximum,0.09400000,0
80,google/gke/cpu,google,gke,cpu,16,bdas,svm,duration,5.023489952087402,0
81,google/gke/cpu,google,gke,cpu,16,bdas,svm,minimum,0.3180000,0
82,google/gke/cpu,google,gke,cpu,16,bdas,svm,mean,0.3544567,0
83,google/gke/cpu,google,gke,cpu,16,bdas,svm,maximum,0.3570000,0
84,google/gke/cpu,google,gke,cpu,16,bdas,svm,duration,4.902034044265747,0
85,google/gke/cpu,google,gke,cpu,16,bdas,svm,minimum,0.2900000,0
86,google/gke/cpu,google,gke,cpu,16,bdas,svm,mean,0.3072834,0
87,google/gke/cpu,google,gke,cpu,16,bdas,svm,maximum,0.3100000,0
88,google/gke/cpu,google,gke,cpu,16,bdas,svm,duration,6.166093587875366,0
89,google/gke/cpu,google,gke,cpu,16,bdas,svm,minimum,1.349000,0
90,google/gke/cpu,google,gke,cpu,16,bdas,svm,mean,1.439801,0
91,google/gke/cpu,google,gke,cpu,16,bdas,svm,maximum,1.443000,0
92,google/gke/cpu,google,gke,cpu,16,bdas,svm,duration,5.396803140640259,0
93,google/gke/cpu,google,gke,cpu,16,bdas,svm,minimum,0.861000,0
94,google/gke/cpu,google,gke,cpu,16,bdas,svm,mean,0.888348,0
95,google/gke/cpu,google,gke,cpu,16,bdas,svm,maximum,0.891000,0
96,google/gke/cpu,google,gke,cpu,16,bdas,svm,duration,4.654665946960449,0
97,google/gke/cpu,google,gke,cpu,16,bdas,svm,minimum,0.2070000,0
98,google/gke/cpu,google,gke,cpu,16,bdas,svm,mean,0.2113601,0
99,google/gke/cpu,google,gke,cpu,16,bdas,svm,maximum,0.2140000,0
100,google/gke/cpu,google,gke,cpu,16,bdas,kmeans,duration,4.91917610168457,0
101,google/gke/cpu,google,gke,cpu,16,bdas,kmeans,minimum,0.2810000,0
102,google/gke/cpu,google,gke,cpu,16,bdas,kmeans,mean,0.4235625,0
103,google/gke/cpu,google,gke,cpu,16,bdas,kmeans,maximum,0.4300000,0
104,google/gke/cpu,google,gke,cpu,16,bdas,kmeans,duration,5.241510629653931,0
105,google/gke/cpu,google,gke,cpu,16,bdas,kmeans,minimum,0.4520000,0
106,google/gke/cpu,google,gke,cpu,16,bdas,kmeans,mean,0.6317969,0
107,google/gke/cpu,google,gke,cpu,16,bdas,kmeans,maximum,0.6590000,0
108,google/gke/cpu,google,gke,cpu,16,bdas,kmeans,duration,4.946649074554443,0
109,google/gke/cpu,google,gke,cpu,16,bdas,kmeans,minimum,0.4910000,0
110,google/gke/cpu,google,gke,cpu,16,bdas,kmeans,mean,0.5534922,0
111,google/gke/cpu,google,gke,cpu,16,bdas,kmeans,maximum,0.5710000,0
112,google/gke/cpu,google,gke,cpu,16,bdas,kmeans,duration,5.76351261138916,0
113,google/gke/cpu,google,gke,cpu,16,bdas,kmeans,minimum,0.996000,0
114,google/gke/cpu,google,gke,cpu,16,bdas,kmeans,mean,1.152218,0
115,google/gke/cpu,google,gke,cpu,16,bdas,kmeans,maximum,1.176000,0
116,google/gke/cpu,google,gke,cpu,16,bdas,kmeans,duration,5.159022569656372,0
117,google/gke/cpu,google,gke,cpu,16,bdas,kmeans,minimum,0.5300000,0
118,google/gke/cpu,google,gke,cpu,16,bdas,kmeans,mean,0.6988864,0
119,google/gke/cpu,google,gke,cpu,16,bdas,kmeans,maximum,0.7130000,0
120,google/gke/cpu,google,gke,cpu,32,bdas,princomp,duration,9.067424297332764,0
121,google/gke/cpu,google,gke,cpu,32,bdas,princomp,minimum,0.2180000,0
122,google/gke/cpu,google,gke,cpu,32,bdas,princomp,mean,0.3841957,0
123,google/gke/cpu,google,gke,cpu,32,bdas,princomp,maximum,0.4260000,0
124,google/gke/cpu,google,gke,cpu,32,bdas,princomp,duration,8.052072525024414,0
125,google/gke/cpu,google,gke,cpu,32,bdas,princomp,minimum,0.0740000,0
126,google/gke/cpu,google,gke,cpu,32,bdas,princomp,mean,0.4378221,0
127,google/gke/cpu,google,gke,cpu,32,bdas,princomp,maximum,0.6360000,0
128,google/gke/cpu,google,gke,cpu,32,bdas,princomp,duration,7.8393776416778564,0
129,google/gke/cpu,google,gke,cpu,32,bdas,princomp,minimum,0.0750000,0
130,google/gke/cpu,google,gke,cpu,32,bdas,princomp,mean,0.2070511,0
131,google/gke/cpu,google,gke,cpu,32,bdas,princomp,maximum,0.2270000,0
132,google/gke/cpu,google,gke,cpu,32,bdas,princomp,duration,7.751631736755371,0
133,google/gke/cpu,google,gke,cpu,32,bdas,princomp,minimum,0.075000,0
134,google/gke/cpu,google,gke,cpu,32,bdas,princomp,mean,0.169581,0
135,google/gke/cpu,google,gke,cpu,32,bdas,princomp,maximum,0.179000,0
136,google/gke/cpu,google,gke,cpu,32,bdas,princomp,duration,7.786736488342285,0
137,google/gke/cpu,google,gke,cpu,32,bdas,princomp,minimum,0.0690000,0
138,google/gke/cpu,google,gke,cpu,32,bdas,princomp,mean,0.1950444,0
139,google/gke/cpu,google,gke,cpu,32,bdas,princomp,maximum,0.2040000,0
140,google/gke/cpu,google,gke,cpu,32,bdas,svm,duration,10.619001388549805,0
141,google/gke/cpu,google,gke,cpu,32,bdas,svm,minimum,2.864000,0
142,google/gke/cpu,google,gke,cpu,32,bdas,svm,mean,2.876011,0
143,google/gke/cpu,google,gke,cpu,32,bdas,svm,maximum,2.878000,0
144,google/gke/cpu,google,gke,cpu,32,bdas,svm,duration,9.46343731880188,0
145,google/gke/cpu,google,gke,cpu,32,bdas,svm,minimum,2.013000,0
146,google/gke/cpu,google,gke,cpu,32,bdas,svm,mean,2.053152,0
147,google/gke/cpu,google,gke,cpu,32,bdas,svm,maximum,2.058000,0
148,google/gke/cpu,google,gke,cpu,32,bdas,svm,duration,9.946402788162231,0
149,google/gke/cpu,google,gke,cpu,32,bdas,svm,minimum,2.594000,0
150,google/gke/cpu,google,gke,cpu,32,bdas,svm,mean,2.644112,0
151,google/gke/cpu,google,gke,cpu,32,bdas,svm,maximum,2.652000,0
152,google/gke/cpu,google,gke,cpu,32,bdas,svm,duration,8.740069389343262,0
153,google/gke/cpu,google,gke,cpu,32,bdas,svm,minimum,1.352000,0
154,google/gke/cpu,google,gke,cpu,32,bdas,svm,mean,1.393414,0
155,google/gke/cpu,google,gke,cpu,32,bdas,svm,maximum,1.399000,0
156,google/gke/cpu,google,gke,cpu,32,bdas,svm,duration,9.101868629455566,0
157,google/gke/cpu,google,gke,cpu,32,bdas,svm,minimum,1.643000,0
158,google/gke/cpu,google,gke,cpu,32,bdas,svm,mean,1.698979,0
159,google/gke/cpu,google,gke,cpu,32,bdas,svm,maximum,1.701000,0
160,google/gke/cpu,google,gke,cpu,32,bdas,kmeans,duration,10.145981073379517,0
161,google/gke/cpu,google,gke,cpu,32,bdas,kmeans,minimum,0.969000,0
162,google/gke/cpu,google,gke,cpu,32,bdas,kmeans,mean,2.102345,0
163,google/gke/cpu,google,gke,cpu,32,bdas,kmeans,maximum,2.136000,0
164,google/gke/cpu,google,gke,cpu,32,bdas,kmeans,duration,10.415839433670044,0
165,google/gke/cpu,google,gke,cpu,32,bdas,kmeans,minimum,2.078000,0
166,google/gke/cpu,google,gke,cpu,32,bdas,kmeans,mean,2.565879,0
167,google/gke/cpu,google,gke,cpu,32,bdas,kmeans,maximum,2.593000,0
168,google/gke/cpu,google,gke,cpu,32,bdas,kmeans,duration,8.695345163345337,0
169,google/gke/cpu,google,gke,cpu,32,bdas,kmeans,minimum,0.595000,0
170,google/gke/cpu,google,gke,cpu,32,bdas,kmeans,mean,1.090418,0
171,google/gke/cpu,google,gke,cpu,32,bdas,kmeans,maximum,1.106000,0
172,google/gke/cpu,google,gke,cpu,32,bdas,kmeans,duration,8.568253755569458,0
173,google/gke/cpu,google,gke,cpu,32,bdas,kmeans,minimum,0.964000,0
174,google/gke/cpu,google,gke,cpu,32,bdas,kmeans,mean,1.104115,0
175,google/gke/cpu,google,gke,cpu,32,bdas,kmeans,maximum,1.133000,0
176,google/gke/cpu,google,gke,cpu,32,bdas,kmeans,duration,8.587682008743286,0
177,google/gke/cpu,google,gke,cpu,32,bdas,kmeans,minimum,0.727000,0
178,google/gke/cpu,google,gke,cpu,32,bdas,kmeans,mean,1.070958,0
179,google/gke/cpu,google,gke,cpu,32,bdas,kmeans,maximum,1.084000,0
180,google/gke/cpu,google,gke,cpu,4,bdas,princomp,duration,2.9087295532226562,0
181,google/gke/cpu,google,gke,cpu,4,bdas,princomp,minimum,0.04300000,0
182,google/gke/cpu,google,gke,cpu,4,bdas,princomp,mean,0.08798295,0
183,google/gke/cpu,google,gke,cpu,4,bdas,princomp,maximum,0.09600000,0
184,google/gke/cpu,google,gke,cpu,4,bdas,princomp,duration,2.7541699409484863,0
185,google/gke/cpu,google,gke,cpu,4,bdas,princomp,minimum,0.04000000,0
186,google/gke/cpu,google,gke,cpu,4,bdas,princomp,mean,0.05672159,0
187,google/gke/cpu,google,gke,cpu,4,bdas,princomp,maximum,0.06800000,0
188,google/gke/cpu,google,gke,cpu,4,bdas,princomp,duration,2.954556465148926,0
189,google/gke/cpu,google,gke,cpu,4,bdas,princomp,minimum,0.1080000,0
190,google/gke/cpu,google,gke,cpu,4,bdas,princomp,mean,0.1653949,0
191,google/gke/cpu,google,gke,cpu,4,bdas,princomp,maximum,0.1810000,0
192,google/gke/cpu,google,gke,cpu,4,bdas,princomp,duration,2.868131399154663,0
193,google/gke/cpu,google,gke,cpu,4,bdas,princomp,minimum,0.0410000,0
194,google/gke/cpu,google,gke,cpu,4,bdas,princomp,mean,0.1211193,0
195,google/gke/cpu,google,gke,cpu,4,bdas,princomp,maximum,0.1250000,0
196,google/gke/cpu,google,gke,cpu,4,bdas,princomp,duration,2.770923137664795,0
197,google/gke/cpu,google,gke,cpu,4,bdas,princomp,minimum,0.04000000,0
198,google/gke/cpu,google,gke,cpu,4,bdas,princomp,mean,0.04400852,0
199,google/gke/cpu,google,gke,cpu,4,bdas,princomp,maximum,0.04700000,0
200,google/gke/cpu,google,gke,cpu,4,bdas,svm,duration,2.914039134979248,0
201,google/gke/cpu,google,gke,cpu,4,bdas,svm,minimum,0.08200000,0
202,google/gke/cpu,google,gke,cpu,4,bdas,svm,mean,0.09115625,0
203,google/gke/cpu,google,gke,cpu,4,bdas,svm,maximum,0.09300000,0
204,google/gke/cpu,google,gke,cpu,4,bdas,svm,duration,2.918170690536499,0
205,google/gke/cpu,google,gke,cpu,4,bdas,svm,minimum,0.09000000,0
206,google/gke/cpu,google,gke,cpu,4,bdas,svm,mean,0.09317045,0
207,google/gke/cpu,google,gke,cpu,4,bdas,svm,maximum,0.09500000,0
208,google/gke/cpu,google,gke,cpu,4,bdas,svm,duration,3.0035524368286133,0
209,google/gke/cpu,google,gke,cpu,4,bdas,svm,minimum,0.08000000,0
210,google/gke/cpu,google,gke,cpu,4,bdas,svm,mean,0.08565057,0
211,google/gke/cpu,google,gke,cpu,4,bdas,svm,maximum,0.08800000,0
212,google/gke/cpu,google,gke,cpu,4,bdas,svm,duration,2.92557954788208,0
213,google/gke/cpu,google,gke,cpu,4,bdas,svm,minimum,0.0980000,0
214,google/gke/cpu,google,gke,cpu,4,bdas,svm,mean,0.1119233,0
215,google/gke/cpu,google,gke,cpu,4,bdas,svm,maximum,0.1140000,0
216,google/gke/cpu,google,gke,cpu,4,bdas,svm,duration,2.918400287628174,0
217,google/gke/cpu,google,gke,cpu,4,bdas,svm,minimum,0.09400000,0
218,google/gke/cpu,google,gke,cpu,4,bdas,svm,mean,0.09589773,0
219,google/gke/cpu,google,gke,cpu,4,bdas,svm,maximum,0.09800000,0
220,google/gke/cpu,google,gke,cpu,4,bdas,kmeans,duration,2.906630039215088,0
221,google/gke/cpu,google,gke,cpu,4,bdas,kmeans,minimum,0.1050000,0
222,google/gke/cpu,google,gke,cpu,4,bdas,kmeans,mean,0.1144943,0
223,google/gke/cpu,google,gke,cpu,4,bdas,kmeans,maximum,0.1240000,0
224,google/gke/cpu,google,gke,cpu,4,bdas,kmeans,duration,2.9410996437072754,0
225,google/gke/cpu,google,gke,cpu,4,bdas,kmeans,minimum,0.0980000,0
226,google/gke/cpu,google,gke,cpu,4,bdas,kmeans,mean,0.1790795,0
227,google/gke/cpu,google,gke,cpu,4,bdas,kmeans,maximum,0.1880000,0
228,google/gke/cpu,google,gke,cpu,4,bdas,kmeans,duration,3.231090545654297,0
229,google/gke/cpu,google,gke,cpu,4,bdas,kmeans,minimum,0.3040000,0
230,google/gke/cpu,google,gke,cpu,4,bdas,kmeans,mean,0.3288778,0
231,google/gke/cpu,google,gke,cpu,4,bdas,kmeans,maximum,0.3340000,0
232,google/gke/cpu,google,gke,cpu,4,bdas,kmeans,duration,2.839322328567505,0
233,google/gke/cpu,google,gke,cpu,4,bdas,kmeans,minimum,0.1010000,0
234,google/gke/cpu,google,gke,cpu,4,bdas,kmeans,mean,0.1082102,0
235,google/gke/cpu,google,gke,cpu,4,bdas,kmeans,maximum,0.1120000,0
236,google/gke/cpu,google,gke,cpu,4,bdas,kmeans,duration,2.9363179206848145,0
237,google/gke/cpu,google,gke,cpu,4,bdas,kmeans,minimum,0.1000000,0
238,google/gke/cpu,google,gke,cpu,4,bdas,kmeans,mean,0.1883011,0
239,google/gke/cpu,google,gke,cpu,4,bdas,kmeans,maximum,0.2220000,0
240,google/gke/cpu,google,gke,cpu,8,bdas,princomp,duration,3.4183082580566406,0
241,google/gke/cpu,google,gke,cpu,8,bdas,princomp,minimum,0.1240000,0
242,google/gke/cpu,google,gke,cpu,8,bdas,princomp,mean,0.1370128,0
243,google/gke/cpu,google,gke,cpu,8,bdas,princomp,maximum,0.1410000,0
244,google/gke/cpu,google,gke,cpu,8,bdas,princomp,duration,3.4188950061798096,0
245,google/gke/cpu,google,gke,cpu,8,bdas,princomp,minimum,0.1630000,0
246,google/gke/cpu,google,gke,cpu,8,bdas,princomp,mean,0.2143068,0
247,google/gke/cpu,google,gke,cpu,8,bdas,princomp,maximum,0.2240000,0
248,google/gke/cpu,google,gke,cpu,8,bdas,princomp,duration,3.4136927127838135,0
249,google/gke/cpu,google,gke,cpu,8,bdas,princomp,minimum,0.1190000,0
250,google/gke/cpu,google,gke,cpu,8,bdas,princomp,mean,0.1807628,0
251,google/gke/cpu,google,gke,cpu,8,bdas,princomp,maximum,0.1860000,0
252,google/gke/cpu,google,gke,cpu,8,bdas,princomp,duration,3.30867075920105,0
253,google/gke/cpu,google,gke,cpu,8,bdas,princomp,minimum,0.1180000,0
254,google/gke/cpu,google,gke,cpu,8,bdas,princomp,mean,0.1328153,0
255,google/gke/cpu,google,gke,cpu,8,bdas,princomp,maximum,0.1380000,0
256,google/gke/cpu,google,gke,cpu,8,bdas,princomp,duration,3.294041395187378,0
257,google/gke/cpu,google,gke,cpu,8,bdas,princomp,minimum,0.1270000,0
258,google/gke/cpu,google,gke,cpu,8,bdas,princomp,mean,0.1446392,0
259,google/gke/cpu,google,gke,cpu,8,bdas,princomp,maximum,0.1470000,0
260,google/gke/cpu,google,gke,cpu,8,bdas,svm,duration,4.03461217880249,0
261,google/gke/cpu,google,gke,cpu,8,bdas,svm,minimum,0.4990000,0
262,google/gke/cpu,google,gke,cpu,8,bdas,svm,mean,0.5661293,0
263,google/gke/cpu,google,gke,cpu,8,bdas,svm,maximum,0.5710000,0
264,google/gke/cpu,google,gke,cpu,8,bdas,svm,duration,3.719423532485962,0
265,google/gke/cpu,google,gke,cpu,8,bdas,svm,minimum,0.2700000,0
266,google/gke/cpu,google,gke,cpu,8,bdas,svm,mean,0.2803722,0
267,google/gke/cpu,google,gke,cpu,8,bdas,svm,maximum,0.2830000,0
268,google/gke/cpu,google,gke,cpu,8,bdas,svm,duration,3.600055694580078,0
269,google/gke/cpu,google,gke,cpu,8,bdas,svm,minimum,0.2480000,0
270,google/gke/cpu,google,gke,cpu,8,bdas,svm,mean,0.2511932,0
271,google/gke/cpu,google,gke,cpu,8,bdas,svm,maximum,0.2530000,0
272,google/gke/cpu,google,gke,cpu,8,bdas,svm,duration,3.411878824234009,0
273,google/gke/cpu,google,gke,cpu,8,bdas,svm,minimum,0.1060000,0
274,google/gke/cpu,google,gke,cpu,8,bdas,svm,mean,0.1089943,0
275,google/gke/cpu,google,gke,cpu,8,bdas,svm,maximum,0.1110000,0
276,google/gke/cpu,google,gke,cpu,8,bdas,svm,duration,3.6739983558654785,0
277,google/gke/cpu,google,gke,cpu,8,bdas,svm,minimum,0.2660000,0
278,google/gke/cpu,google,gke,cpu,8,bdas,svm,mean,0.2766761,0
279,google/gke/cpu,google,gke,cpu,8,bdas,svm,maximum,0.2810000,0
280,google/gke/cpu,google,gke,cpu,8,bdas,kmeans,duration,3.452091932296753,0
281,google/gke/cpu,google,gke,cpu,8,bdas,kmeans,minimum,0.1530000,0
282,google/gke/cpu,google,gke,cpu,8,bdas,kmeans,mean,0.1779375,0
283,google/gke/cpu,google,gke,cpu,8,bdas,kmeans,maximum,0.1850000,0
284,google/gke/cpu,google,gke,cpu,8,bdas,kmeans,duration,3.587540864944458,0
285,google/gke/cpu,google,gke,cpu,8,bdas,kmeans,minimum,0.2450000,0
286,google/gke/cpu,google,gke,cpu,8,bdas,kmeans,mean,0.3279759,0
287,google/gke/cpu,google,gke,cpu,8,bdas,kmeans,maximum,0.3380000,0
288,google/gke/cpu,google,gke,cpu,8,bdas,kmeans,duration,3.570664882659912,0
289,google/gke/cpu,google,gke,cpu,8,bdas,kmeans,minimum,0.1390000,0
290,google/gke/cpu,google,gke,cpu,8,bdas,kmeans,mean,0.1757102,0
291,google/gke/cpu,google,gke,cpu,8,bdas,kmeans,maximum,0.1840000,0
292,google/gke/cpu,google,gke,cpu,8,bdas,kmeans,duration,3.4544808864593506,0
293,google/gke/cpu,google,gke,cpu,8,bdas,kmeans,minimum,0.186000,0
294,google/gke/cpu,google,gke,cpu,8,bdas,kmeans,mean,0.248277,0
295,google/gke/cpu,google,gke,cpu,8,bdas,kmeans,maximum,0.262000,0
296,google/gke/cpu,google,gke,cpu,8,bdas,kmeans,duration,3.493602991104126,0
297,google/gke/cpu,google,gke,cpu,8,bdas,kmeans,minimum,0.2040000,0
298,google/gke/cpu,google,gke,cpu,8,bdas,kmeans,mean,0.2556051,0
299,google/gke/cpu,google,gke,cpu,8,bdas,kmeans,maximum,0.2630000,0
